season,registros,jugadores,targets,recepciones,yardas_recepcion
2012,5223,505,18300,11287,131848
2013,5142,501,18522,11534,134499
2014,5218,495,18375,11670,134351
2015,5219,504,18846,11983,137847
2016,5183,508,18787,12026,136919
2017,5258,503,17987,11377,128993
2018,5127,522,17894,11908,135474
2019,5143,516,17771,11750,133930
2020,5295,536,18206,12342,137158
2021,5580,567,18940,12721,139728
2022,5536,536,18174,12183,133266
2023,5483,507,18358,12413,135347
2024,5517,521,17723,12117,132924
2025,5704,538,17413,11700,128210
2026,648,377,1904,1310,14530
