objetivo,season,segmento,filas,mae_modelo,mae_baseline,mejora_mae,bias,media_real,media_predicha,umbral_targets,position
receiving_yards,2024,targets_avg_5 >= 1,4121,18.817295359604756,19.570399579390116,0.7531042197853601,0.507750957872608,28.987139043921378,29.494890001793987,1.0,
receiving_yards,2025,targets_avg_5 >= 1,4129,18.423621365807456,19.240582869137,0.8169615033295443,1.2785694098053615,27.815451683216274,29.09402109302163,1.0,
receiving_yards,2026,targets_avg_5 >= 1,445,20.14490169468029,20.540936329588018,0.3960346349077284,1.0385559571496532,28.78426966292135,29.822825620071,1.0,
receptions,2024,targets_avg_5 >= 1,4121,1.4308494714729387,1.4848337782091725,0.05398430673623378,0.0022105954686674543,2.631157486047076,2.6333680815157434,1.0,
receptions,2025,targets_avg_5 >= 1,4129,1.3757368087058306,1.4422378299830467,0.06650102127721613,0.08277662758204746,2.5190118672802133,2.601788494862261,1.0,
receptions,2026,targets_avg_5 >= 1,445,1.5124431236258966,1.5363295880149814,0.023886464389084816,0.02778452188740647,2.5752808988764047,2.603065420763811,1.0,
receiving_yards,2024,targets_avg_5 >= 3,2388,23.386484221034635,24.683989391401454,1.2975051703668186,0.1218840608641702,40.438860971524285,40.56074503238845,3.0,
receiving_yards,2025,targets_avg_5 >= 3,2280,23.205841447132336,24.39563596491228,1.1897945177799443,1.7609998867321457,39.41885964912281,41.17985953585496,3.0,
receiving_yards,2026,targets_avg_5 >= 3,265,24.023986992987762,24.92679245283019,0.9028054598424262,1.9776391688066401,38.09811320754717,40.07575237635381,3.0,
receptions,2024,targets_avg_5 >= 3,2388,1.697709226678415,1.783389168062535,0.08567994138411983,-0.04060169771194662,3.53643216080402,3.495830463092074,3.0,
receptions,2025,targets_avg_5 >= 3,2280,1.6657849556785642,1.765358187134503,0.09957323145593877,0.11458394458158169,3.4486842105263156,3.5632681551078975,3.0,
receptions,2026,targets_avg_5 >= 3,265,1.7153761035516588,1.7569811320754718,0.04160502852381298,0.1379404404052236,3.267924528301887,3.4058649687071103,3.0,
receiving_yards,2024,targets_avg_5 >= 5,1207,27.230738846036388,29.126456779895054,1.8957179338586663,-0.006147791177705485,53.166528583264295,53.160380792086585,5.0,
receiving_yards,2025,targets_avg_5 >= 5,1240,26.581020219334242,27.996693548387096,1.4156733290528543,2.393619399032576,50.21290322580645,52.60652262483902,5.0,
receiving_yards,2026,targets_avg_5 >= 5,134,28.450752959853155,29.698507462686564,1.2477545028334092,3.2354347145063533,48.11940298507463,51.35483769958099,5.0,
receptions,2024,targets_avg_5 >= 5,1207,1.8915834407837753,2.0156172328086166,0.12403379202484133,-0.10604382129182045,4.469759734879867,4.363715913588047,5.0,
receptions,2025,targets_avg_5 >= 5,1240,1.8364241369941143,1.9629032258064516,0.12647908881233727,0.14200793721262225,4.212096774193548,4.354104711406171,5.0,
receptions,2026,targets_avg_5 >= 5,134,1.9162600536677132,1.9477611940298507,0.03150114036213747,0.20436697992562744,3.917910447761194,4.122277427686821,5.0,
receiving_yards,2024,targets_avg_5 >= 7,548,29.643519124224593,31.836830900243314,2.193311776018721,-0.8761169572394479,63.59124087591241,62.715123918672965,7.0,
receiving_yards,2025,targets_avg_5 >= 7,557,29.776380901852484,31.420706163973666,1.644325262121182,4.9410894624201145,58.86355475763016,63.80464422005029,7.0,
receiving_yards,2026,targets_avg_5 >= 7,49,35.4530056675513,36.08163265306123,0.6286269855099249,8.041378881128706,55.48979591836735,63.53117479949605,7.0,
receptions,2024,targets_avg_5 >= 7,548,2.068090020994584,2.2129562043795623,0.14486618338497825,-0.2334365365467765,5.368613138686132,5.135176602139355,7.0,
receptions,2025,targets_avg_5 >= 7,557,1.9997947569522654,2.16098144823459,0.16118669128232455,0.2765773939963229,4.8168761220825855,5.093453516078908,7.0,
receptions,2026,targets_avg_5 >= 7,49,2.1975169741398717,2.1714285714285713,-0.026088402711300418,0.2915559292614806,4.653061224489796,4.944617153751277,7.0,
receiving_yards,2024,posicion,35,9.148714978113752,8.78857142857143,-0.36014354954232175,1.7746543953771918,8.17142857142857,9.946082966805763,,FB
receiving_yards,2024,posicion,1016,12.505445450164729,13.095718503937007,0.5902730537722789,0.3223734786490628,15.23031496062992,15.552688439278983,,RB
receiving_yards,2024,posicion,1037,16.879064573254606,17.406332369013178,0.5272677957585721,-0.23847872221526367,25.531340405014465,25.292861682799202,,TE
receiving_yards,2024,posicion,2033,23.126781413115996,24.095622233152977,0.9688408200369807,0.9592227123387099,37.98327594687654,38.942498659215254,,WR
receiving_yards,2025,posicion,31,7.850921577732747,8.509677419354839,0.6587558416220922,0.43922456191489956,8.741935483870968,9.18116004578587,,FB
receiving_yards,2025,posicion,1011,12.203544807521917,13.13328387734916,0.9297390698272423,0.5191976056216663,14.609297725024728,15.128495330646395,,RB
receiving_yards,2025,posicion,1061,16.033791507549857,17.15670750863965,1.1229160010897914,-0.1428690624244981,26.026390197926485,25.883521135501987,,TE
receiving_yards,2025,posicion,2026,22.940827966729625,23.543706811451138,0.6028788447215128,2.4147445348548193,35.63425468904245,38.04899922389726,,WR
receiving_yards,2026,posicion,3,11.252731312088377,8.466666666666667,-2.7860646454217104,0.6576408761525189,9.0,9.657640876152518,,FB
receiving_yards,2026,posicion,105,13.19956279616803,13.74888888888889,0.549326092720861,0.7140993630347734,15.2,15.914099363034774,,RB
receiving_yards,2026,posicion,122,17.821767144088415,18.96079234972678,1.1390252056383652,2.128830892940897,24.34426229508197,26.47309318802286,,TE
receiving_yards,2026,posicion,215,24.979131976837365,24.923100775193802,-0.05603120164356312,0.583658959282314,38.21395348837209,38.797612447654394,,WR
receptions,2024,posicion,35,0.9294702294540782,0.9714285714285714,0.04195834197449322,0.2159076361917097,0.9142857142857143,1.1301933504774238,,FB
receptions,2024,posicion,1016,1.2720351687935363,1.3113024934383202,0.039267324644783885,0.03070720100866462,1.9911417322834646,2.0218489332921292,,RB
receptions,2024,posicion,1037,1.3988581109505773,1.4518000642880105,0.05294195333743312,-0.0596096596125902,2.5168756027000962,2.4572659430875063,,TE
receptions,2024,posicion,2033,1.5351675461677852,1.5972454500737827,0.062077903905997545,0.01582380592873664,3.0388588293162813,3.054682635245018,,WR
receptions,2025,posicion,31,0.6914543033044183,0.7419354838709677,0.05048118056654949,0.01521707183820016,1.096774193548387,1.1119912653865873,,FB
receptions,2025,posicion,1011,1.2577432779600186,1.3362842070557204,0.07854092909570176,0.008230718128718999,1.9475766567754698,1.9558073749041889,,RB
receptions,2025,posicion,1061,1.2805111251977985,1.383694627709708,0.10318350251190944,-0.031641849957322304,2.5485391140433555,2.516897264086033,,TE
receptions,2025,posicion,2026,1.494956289186325,1.5364840408028957,0.04152775161657063,0.18092976941553493,2.8104639684106614,2.9913937378261966,,WR
receptions,2026,posicion,3,0.8399452943444364,0.7333333333333334,-0.10661196101110304,0.2253279461317296,0.6666666666666666,0.8919946127983963,,FB
receptions,2026,posicion,105,1.375567600241272,1.4709523809523806,0.09538478071110856,-0.18536045178401117,2.1904761904761907,2.005115738692179,,RB
receptions,2026,posicion,122,1.435648845586307,1.4469945355191258,0.011345689932818814,0.11606062917987088,2.4262295081967213,2.5422901373765927,,TE
receptions,2026,posicion,215,1.632249288109896,1.6301550387596897,-0.002094249350206301,0.07903060036687264,2.874418604651163,2.953449205018035,,WR
