objetivo,linea,temporada,metodo,filas,mae,bias,log_loss,brier,auc,ece10,probabilidad_media,frecuencia_real
passing_yards,,2024,identidad,586,62.17016108183789,0.9794937764835077,,,,,,
passing_yards,,2025,identidad,584,57.27254724150554,11.835349070426053,,,,,,
passing_yards,,2026,identidad,71,61.69448637305062,16.696741695733,,,,,,
rushing_yards,,2024,identidad,1694,20.320726382026407,-0.48166013109011935,,,,,,
rushing_yards,,2025,identidad,1645,19.71715251236538,-0.7935264890618158,,,,,,
rushing_yards,,2026,identidad,194,20.224709467088914,-2.640882329306558,,,,,,
passing_tds,0.5,2024,poisson,586,,,0.5449009196844085,0.18106555155135165,0.6967674661105318,0.056375189970835016,0.6642999423535038,0.7013651877133106
passing_tds,0.5,2025,poisson,584,,,0.5101250333498265,0.16515705783449056,0.7427088105054208,0.044624308519904184,0.684582180268572,0.696917808219178
passing_tds,0.5,2026,poisson,71,,,0.5388192856849943,0.17676584635628198,0.5729847494553377,0.09350413067089493,0.7175848686234217,0.7605633802816901
passing_tds,1.5,2024,poisson,586,,,0.6563720898423445,0.2291149936141478,0.6446489104116222,0.07766990418446842,0.34869396707462097,0.40273037542662116
passing_tds,1.5,2025,poisson,584,,,0.6177507831669098,0.21899731076852405,0.669267816862769,0.05131382730191663,0.3701149881344803,0.4023972602739726
passing_tds,1.5,2026,poisson,71,,,0.6252793986794423,0.2201035591988132,0.6739837398373983,0.0785130562072638,0.39716073987463624,0.4225352112676056
passing_tds,2.5,2024,poisson,586,,,0.37476034046881457,0.11535812172262515,0.7261627906976744,0.013870388816883763,0.14913908932172468,0.14675767918088736
passing_tds,2.5,2025,poisson,584,,,0.4077537618330395,0.12884226800278556,0.6998377732240437,0.020221477342730523,0.1627075064037331,0.1643835616438356
passing_tds,2.5,2026,poisson,71,,,0.5332317629750286,0.16827068768112485,0.6227272727272727,0.07409980975777697,0.1761449486861776,0.22535211267605634
anytime_td,,2024,clasificador_directo,3843,,,0.5108896250933108,0.16801407992988324,0.6940858848705171,0.016590880513850517,0.23051463854432744,0.2427790788446526
anytime_td,,2025,clasificador_directo,3787,,,0.504268252321471,0.16534652493058127,0.6959988004573064,0.015293005970054322,0.23406934929394252,0.23712701346712436
anytime_td,,2026,clasificador_directo,445,,,0.48482830366983454,0.157961518701964,0.7146318678110586,0.02978310564026214,0.2242503020259287,0.22247191011235956
