game_id,season,game_type,week,gameday,weekday,gametime,away_team,away_score,home_team,home_score,location,result,total,overtime,old_game_id,gsis,nfl_detail_id,pfr,pff,espn,ftn,away_rest,home_rest,away_moneyline,home_moneyline,spread_line,away_spread_odds,home_spread_odds,total_line,under_odds,over_odds,div_game,roof,surface,temp,wind,away_qb_id,home_qb_id,away_qb_name,home_qb_name,away_coach,home_coach,referee,stadium_id,stadium,home_games_before_season,home_win_pct_4,home_win_pct_8,home_win_pct_season,home_points_for_avg_4,home_points_for_avg_8,home_points_for_avg_season,home_points_against_avg_4,home_points_against_avg_8,home_points_against_avg_season,home_margin_avg_4,home_margin_avg_8,home_margin_avg_season,home_game_total_avg_4,home_game_total_avg_8,home_game_total_avg_season,home_game_total_std_8,home_qb_change,away_games_before_season,away_win_pct_4,away_win_pct_8,away_win_pct_season,away_points_for_avg_4,away_points_for_avg_8,away_points_for_avg_season,away_points_against_avg_4,away_points_against_avg_8,away_points_against_avg_season,away_margin_avg_4,away_margin_avg_8,away_margin_avg_season,away_game_total_avg_4,away_game_total_avg_8,away_game_total_avg_season,away_game_total_std_8,away_qb_change,diff_rest,diff_win_pct_4,diff_win_pct_8,diff_win_pct_season,diff_points_for_avg_4,diff_points_for_avg_8,diff_points_for_avg_season,diff_points_against_avg_4,diff_points_against_avg_8,diff_points_against_avg_season,diff_margin_avg_4,diff_margin_avg_8,diff_margin_avg_season,diff_game_total_avg_4,diff_game_total_avg_8,diff_game_total_avg_season,home_injury_severity,home_injury_out_count,home_injury_doubtful_count,home_injury_questionable_count,home_injury_dnp_count,home_injury_qb_score,home_injury_qb_out,home_injury_starting_qb_score,home_injury_starting_qb_out,home_injury_skill_score,home_injury_skill_out,home_injury_ol_score,home_injury_ol_out,home_injury_defense_score,home_injury_defense_out,away_injury_severity,away_injury_out_count,away_injury_doubtful_count,away_injury_questionable_count,away_injury_dnp_count,away_injury_qb_score,away_injury_qb_out,away_injury_starting_qb_score,away_injury_starting_qb_out,away_injury_skill_score,away_injury_skill_out,away_injury_ol_score,away_injury_ol_out,away_injury_defense_score,away_injury_defense_out,sum_injury_severity,sum_injury_out_count,sum_injury_dnp_count,sum_injury_qb_score,sum_injury_starting_qb_score,sum_injury_skill_score,sum_injury_ol_score,sum_injury_defense_score,diff_injury_severity,diff_injury_out_count,diff_injury_starting_qb_score,diff_injury_skill_score,diff_injury_ol_score,diff_injury_defense_score,sum_injury_offense_score,net_injury_total_pressure,pred_total_base,pred_total,edge,edge_absoluto,pick,prob_pick,prob_over,prob_under,odds_pick,decimal_pick,prob_break_even,ev,estado
2026_03_ARI_SF,2026,REG,3,2026-09-27,Sunday,16:05,ARI,,SF,,Home,,,,2026092709,60220.0,,202609270sfo,30648.0,401872958,7061.0,7,7,310.0,-395.0,7.5,-112.0,-108.0,48.5,-115.0,-105.0,1,outdoors,grass,,,00-0033119,00-0037834,Jacoby Brissett,Brock Purdy,Jonathan Gannon,Kyle Shanahan,,SFO01,Levi's Stadium,2,0.75,0.875,1.0,26.75,29.75,31.0,17.75,17.375,10.0,9.0,12.375,21.0,44.5,47.125,41.0,22.96853437702483,0.0,2,0.25,0.125,0.5,16.75,17.5,16.5,29.75,31.25,22.5,-13.0,-13.75,-6.0,46.5,48.75,39.0,10.138328969101083,0.0,0,0.5,0.75,0.5,10.0,12.25,14.5,-12.0,-13.875,-12.5,22.0,26.125,27.0,-2.0,-1.625,2.0,4.35,4.0,0.0,1.0,4.0,0.0,0.0,0.0,0.0,1.35,1.0,0.0,0.0,3.0,3.0,1.7,1.0,0.0,2.0,1.0,0.0,0.0,0.0,0.0,0.0,0.0,0.0,0.0,1.7,1.0,6.05,5.0,5.0,0.0,0.0,1.35,0.0,4.7,2.6499999999999995,3.0,0.0,1.35,0.0,1.3,1.35,3.35,46.97699768752234,46.60912118430095,-1.8908788156990468,1.8908788156990468,UNDER,0.4951856098534976,0.5048143901465024,0.4951856098534976,-115.0,1.8695652173913042,0.5348837209302326,-0.07421820766520026,NO PICK
2026_03_BAL_DAL,2026,REG,3,2026-09-27,Sunday,16:25,BAL,,DAL,,Neutral,,,,2026092711,60222.0,,202609270dal,30650.0,401872960,7063.0,7,7,-170.0,142.0,-3.5,-105.0,-115.0,53.5,-112.0,-108.0,0,,matrixturf,,,00-0034796,00-0033077,Lamar Jackson,Dak Prescott,Jesse Minter,Brian Schottenheimer,,RIO00,Maracana Stadium,2,0.5,0.375,0.5,26.0,26.0,28.5,26.25,30.625,24.0,-0.25,-4.625,4.5,52.25,56.625,52.5,8.192984804086983,0.0,2,0.5,0.375,0.5,30.75,25.875,29.0,24.25,23.0,23.5,6.5,2.875,5.5,55.0,48.875,52.5,13.032240241581096,0.0,0,0.0,0.0,0.0,-4.75,0.125,-0.5,2.0,7.625,0.5,-6.75,-7.5,-1.0,-2.75,7.75,0.0,4.0,4.0,0.0,0.0,4.0,0.0,0.0,0.0,0.0,0.0,0.0,0.0,0.0,4.0,4.0,1.35,1.0,0.0,1.0,1.0,0.0,0.0,0.0,0.0,0.35,0.0,1.0,1.0,0.0,0.0,5.35,5.0,5.0,0.0,0.0,0.35,1.0,4.0,2.65,3.0,0.0,-0.35,-1.0,4.0,1.35,2.65,49.60913229579203,55.794416254538895,2.294416254538895,2.294416254538895,OVER,0.5016726690270416,0.5016726690270416,0.49832733097295845,-108.0,1.925925925925926,0.5192307692307692,-0.03381560039236431,NO PICK
2026_03_CAR_CLE,2026,REG,3,2026-09-27,Sunday,13:00,CAR,,CLE,,Home,,,,2026092701,60212.0,,202609270cle,30640.0,401872949,7053.0,7,7,-135.0,114.0,-1.5,-112.0,-108.0,41.5,-105.0,-115.0,0,outdoors,grass,,,00-0039150,00-0033537,Bryce Young,Deshaun Watson,Dave Canales,Todd Monken,,CLE00,Huntington Bank Field,2,0.75,0.375,0.5,16.5,15.75,16.5,19.25,23.5,26.5,-2.75,-7.75,-10.0,35.75,39.25,43.0,11.597413504743203,0.0,2,0.25,0.375,0.5,23.75,21.875,35.5,26.25,24.125,31.0,-2.5,-2.25,4.5,50.0,46.0,66.5,22.251805705219912,0.0,0,0.5,0.0,0.0,-7.25,-6.125,-19.0,-7.0,-0.625,-4.5,-0.25,-5.5,-14.5,-14.25,-6.75,-23.5,1.7000000000000002,1.0,0.0,2.0,1.0,0.0,0.0,0.0,0.0,0.0,0.0,1.0,1.0,0.7,0.0,3.7,3.0,0.0,2.0,3.0,0.0,0.0,0.0,0.0,0.7,0.0,0.0,0.0,3.0,3.0,5.4,4.0,4.0,0.0,0.0,0.7,1.0,3.7,-2.0,-2.0,0.0,-0.7,1.0,-2.3,1.7,2.0,46.29208790061885,40.65319051820332,-0.8468094817966829,0.8468094817966829,UNDER,0.4784145660565113,0.5215854339434887,0.47841456605651134,-105.0,1.9523809523809523,0.5121951219512195,-0.0659525138896685,NO PICK
2026_03_CIN_PIT,2026,REG,3,2026-09-27,Sunday,13:00,CIN,,PIT,,Home,,,,2026092707,60218.0,,202609270pit,30646.0,401872950,7059.0,7,7,-185.0,154.0,-3.5,-108.0,-112.0,42.5,-108.0,-112.0,1,outdoors,grass,,,00-0036442,00-0023459,Joe Burrow,Aaron Rodgers,Zac Taylor,Mike McCarthy,,PIT00,Acrisure Stadium,2,0.5,0.625,0.5,13.75,18.25,11.5,17.5,19.625,16.5,-3.75,-1.375,-5.0,31.25,37.875,28.0,12.822274146410777,0.0,2,0.75,0.625,1.0,27.0,27.375,26.5,16.75,20.625,16.5,10.25,6.75,10.0,43.75,48.0,43.0,17.992061741620546,0.0,0,-0.25,0.0,-0.5,-13.25,-9.125,-15.0,0.75,-1.0,0.0,-14.0,-8.125,-15.0,-12.5,-10.125,-15.0,3.4,2.0,0.0,4.0,2.0,0.0,0.0,0.0,0.0,1.7,1.0,1.0,1.0,0.7,0.0,1.8,1.0,1.0,0.0,2.0,0.0,0.0,0.0,0.0,1.0,1.0,0.0,0.0,0.8,0.0,5.2,3.0,4.0,0.0,0.0,2.7,1.0,1.5,1.5999999999999999,1.0,0.0,0.7,1.0,-0.10000000000000009,3.7,-2.2,41.2885023484008,38.37686370266194,-4.123136297338057,4.123136297338057,UNDER,0.5310310025544999,0.46896899744550014,0.5310310025544999,-108.0,1.925925925925926,0.5192307692307692,0.02272637529014787,PICK
2026_03_HOU_IND,2026,REG,3,2026-09-27,Sunday,13:00,HOU,,IND,,Home,,,,2026092703,60214.0,,202609270clt,30642.0,401872951,7055.0,7,7,-125.0,105.0,-1.5,-118.0,-102.0,42.5,-108.0,-112.0,1,,fieldturf,,,00-0039163,00-0035710,C.J. Stroud,Daniel Jones,DeMeco Ryans,Shane Steichen,,IND00,Lucas Oil Stadium,2,0.0,0.0,0.0,25.0,22.25,26.5,33.75,32.125,37.0,-8.75,-9.875,-10.5,58.75,54.375,63.5,15.756517925698473,0.0,2,0.5,0.75,0.0,23.75,24.75,18.5,25.5,21.125,28.0,-1.75,3.625,-9.5,49.25,45.875,46.5,16.822073084407368,0.0,0,-0.5,-0.75,0.0,1.25,-2.5,8.0,8.25,11.0,9.0,-7.0,-13.5,-1.0,9.5,8.5,17.0,2.35,2.0,0.0,1.0,2.0,0.0,0.0,0.0,0.0,2.0,2.0,0.0,0.0,0.35,0.0,5.35,5.0,0.0,1.0,4.0,0.0,0.0,0.0,0.0,1.0,1.0,1.35,1.0,3.0,3.0,7.699999999999999,7.0,6.0,0.0,0.0,3.0,1.35,3.35,-2.9999999999999996,-3.0,0.0,1.0,-1.35,-2.65,4.35,-0.9999999999999996,46.446427917445945,43.18037019329949,0.6803701932994883,0.6803701932994883,OVER,0.4757445391883239,0.4757445391883239,0.5242554608116761,-112.0,1.8928571428571428,0.5283018867924528,-0.09948355082210125,NO PICK
2026_03_KC_MIA,2026,REG,3,2026-09-27,Sunday,13:00,KC,,MIA,,Home,,,,2026092705,60216.0,,202609270mia,30644.0,401872952,7057.0,7,7,-535.0,400.0,-9.5,-112.0,-108.0,45.5,-115.0,-105.0,0,outdoors,grass,,,00-0033873,00-0038128,Patrick Mahomes,Malik Willis,Andy Reid,Jeff Hafley,,MIA00,Hard Rock Stadium,2,0.25,0.375,0.0,14.0,18.375,13.0,29.25,27.125,31.0,-15.25,-8.75,-18.0,43.25,45.5,44.0,9.258200997725524,0.0,2,0.5,0.25,1.0,22.25,18.625,32.0,18.5,20.875,20.0,3.75,-2.25,12.0,40.75,39.5,52.0,14.04075700034929,0.0,0,-0.25,0.125,-1.0,-8.25,-0.25,-19.0,10.75,6.25,11.0,-19.0,-6.5,-30.0,2.5,6.0,-8.0,3.5,2.0,1.0,2.0,3.0,0.0,0.0,0.0,0.0,2.15,1.0,0.0,0.0,1.35,1.0,1.8,1.0,1.0,0.0,1.0,0.0,0.0,0.0,0.0,0.0,0.0,1.0,1.0,0.8,0.0,5.3,3.0,4.0,0.0,0.0,2.15,1.0,2.1500000000000004,1.7,1.0,0.0,2.15,-1.0,0.55,3.15,-0.9999999999999996,44.418009407936225,46.28141070995292,0.7814107099529224,0.7814107099529224,OVER,0.4773652803025759,0.4773652803025759,0.5226347196974241,-105.0,1.9523809523809523,0.5121951219512195,-0.06800111940925657,NO PICK
2026_03_LAC_BUF,2026,REG,3,2026-09-27,Sunday,13:00,LAC,,BUF,,Home,,,,2026092700,60211.0,,202609270buf,30639.0,401872953,7052.0,7,10,260.0,-325.0,7.0,-108.0,-112.0,50.5,-115.0,-105.0,0,outdoors,a_turf,,,00-0036355,00-0034857,Justin Herbert,Josh Allen,Jim Harbaugh,Sean McDermott,,BUF00,Highmark Stadium,2,0.75,0.875,1.0,31.0,30.875,38.5,20.75,21.875,31.0,10.25,9.0,7.5,51.75,52.75,69.5,18.934096228761486,0.0,2,0.0,0.5,0.0,11.75,18.75,14.0,22.75,19.25,26.0,-11.0,-0.5,-12.0,34.5,38.0,40.0,9.071147352221443,0.0,3,0.75,0.375,1.0,19.25,12.125,24.5,-2.0,2.625,5.0,21.25,9.5,19.5,17.25,14.75,29.5,3.4,2.0,0.0,4.0,2.0,0.0,0.0,0.0,0.0,0.7,0.0,0.35,0.0,2.35,2.0,6.7,6.0,0.0,2.0,6.0,0.35,0.0,0.0,0.0,2.0,2.0,2.0,2.0,2.35,2.0,10.1,8.0,8.0,0.35,0.0,2.7,2.35,4.7,-3.3000000000000003,-4.0,0.0,-1.3,-1.65,0.0,5.050000000000001,-0.35000000000000053,53.03103776109562,55.957402863290994,5.457402863290994,5.457402863290994,OVER,0.5523281133229679,0.5523281133229679,0.44767188667703206,-105.0,1.9523809523809523,0.5121951219512195,0.07835488791627077,PICK
2026_03_LA_DEN,2026,REG,3,2026-09-27,Sunday,20:20,LA,,DEN,,Home,,,,2026092713,60224.0,,202609270den,30652.0,401872962,7065.0,6,7,-130.0,110.0,-1.5,-112.0,-108.0,43.5,-102.0,-118.0,0,outdoors,grass,,,00-0026498,00-0039732,Matthew Stafford,Bo Nix,Sean McVay,Sean Payton,,DEN00,Empower Field at Mile High,2,0.75,0.75,0.5,17.25,21.75,15.0,15.0,20.375,22.0,2.25,1.375,-7.0,32.25,42.125,37.0,12.833410636749244,0.0,2,0.5,0.5,0.5,24.0,30.875,17.5,20.0,25.0,16.5,4.0,5.875,1.0,44.0,55.875,34.0,15.860440455062138,0.0,1,0.25,0.25,0.0,-6.75,-9.125,-2.5,-5.0,-4.625,5.5,-1.75,-4.5,-8.0,-11.75,-13.75,3.0,1.35,1.0,0.0,1.0,1.0,0.0,0.0,0.0,0.0,1.35,1.0,0.0,0.0,0.0,0.0,1.9500000000000002,0.0,2.0,1.0,3.0,0.0,0.0,0.0,0.0,1.15,0.0,0.0,0.0,0.8,0.0,3.3000000000000003,1.0,4.0,0.0,0.0,2.5,0.0,0.8,-0.6000000000000001,1.0,0.0,0.20000000000000018,0.0,-0.8,2.5,-1.7,36.89413438523257,38.93169482996233,-4.568305170037668,4.568305170037668,UNDER,0.5381531007830873,0.4618468992169127,0.5381531007830873,-102.0,1.9803921568627452,0.504950495049505,0.06575417998219257,PICK
2026_03_LV_NO,2026,REG,3,2026-09-27,Sunday,16:25,LV,,NO,,Home,,,,2026092712,60223.0,,202609270nor,30651.0,401872961,7064.0,7,7,164.0,-198.0,3.5,-118.0,-102.0,43.5,-102.0,-118.0,0,dome,sportturf,,,00-0029604,00-0040743,Kirk Cousins,Tyler Shough,Klint Kubliak,Kellen Moore,,NOR00,Caesars Superdome,2,0.5,0.625,0.5,26.25,24.375,27.0,23.25,19.625,24.0,3.0,4.75,3.0,49.5,44.0,51.0,10.583005244258361,0.0,2,0.75,0.375,1.0,19.25,16.125,26.5,18.25,22.75,13.5,1.0,-6.625,13.0,37.5,38.875,40.0,6.812540956626556,0.0,0,-0.25,0.25,-0.5,7.0,8.25,0.5,5.0,-3.125,10.5,2.0,11.375,-10.0,12.0,5.125,11.0,2.35,2.0,0.0,1.0,2.0,0.0,0.0,0.0,0.0,1.0,1.0,0.0,0.0,1.35,1.0,2.05,1.0,0.0,3.0,3.0,0.35,0.0,0.0,0.0,0.35,0.0,0.0,0.0,1.35,1.0,4.4,3.0,5.0,0.35,0.0,1.35,0.0,2.7,0.30000000000000027,1.0,0.0,0.65,0.0,0.0,1.35,1.35,46.75765288238979,44.74247675869304,1.2424767586930372,1.2424767586930372,OVER,0.48476655182662404,0.48476655182662404,0.515233448173376,-118.0,1.847457627118644,0.5412844036697247,-0.10441433645589804,NO PICK
2026_03_MIN_TB,2026,REG,3,2026-09-27,Sunday,16:05,MIN,,TB,,Home,,,,2026092710,60221.0,,202609270tam,30649.0,401872959,7062.0,7,7,-115.0,-105.0,-1.5,100.0,-120.0,42.5,-115.0,-105.0,0,outdoors,grass,,,00-0035228,00-0034855,Kyler Murray,Baker Mayfield,Kevin O'Connell,Todd Bowles,,TAM00,Raymond James Stadium,2,0.25,0.25,0.0,19.75,20.875,23.0,22.5,22.875,28.0,-2.75,-2.0,-5.0,42.25,43.75,51.0,10.166471504762265,0.0,2,1.0,0.875,1.0,21.75,21.0,24.0,9.5,12.875,12.5,12.25,8.125,11.5,31.25,33.875,36.5,17.77990438669455,1.0,0,-0.75,-0.625,-1.0,-2.0,-0.125,-1.0,13.0,10.0,15.5,-15.0,-10.125,-16.5,11.0,9.875,14.5,2.0,2.0,0.0,0.0,1.0,0.0,0.0,0.0,0.0,0.0,0.0,0.0,0.0,2.0,2.0,2.0,2.0,0.0,0.0,2.0,0.0,0.0,0.0,0.0,0.0,0.0,1.0,1.0,0.0,0.0,4.0,4.0,3.0,0.0,0.0,0.0,1.0,2.0,0.0,0.0,0.0,0.0,-1.0,2.0,1.0,1.0,43.72769173275871,41.790952193484024,-0.7090478065159758,0.7090478065159758,UNDER,0.47620449221101346,0.5237955077889865,0.47620449221101346,-115.0,1.8695652173913042,0.5348837209302326,-0.10970464499680099,NO PICK
2026_03_NE_JAX,2026,REG,3,2026-09-27,Sunday,13:00,NE,,JAX,,Home,,,,2026092704,60215.0,,202609270jax,30643.0,401872957,7056.0,7,7,130.0,-155.0,3.0,-118.0,-102.0,45.5,-105.0,-115.0,0,outdoors,grass,,,00-0039851,00-0036971,Drake Maye,Trevor Lawrence,Mike Vrabel,Liam Coen,,JAX00,EverBank Stadium,2,0.75,0.875,0.5,27.75,31.75,23.5,13.5,14.5,15.0,14.25,17.25,8.5,41.25,46.25,38.5,12.903487900563942,0.0,2,0.75,0.75,0.5,27.5,28.5,15.0,9.0,16.25,8.0,18.5,12.25,7.0,36.5,44.75,23.0,14.762403985414158,0.0,0,0.0,0.125,0.0,0.25,3.25,8.5,4.5,-1.75,7.0,-4.25,5.0,1.5,4.75,1.5,15.5,0.8,0.0,1.0,0.0,0.0,0.0,0.0,0.0,0.0,0.0,0.0,0.0,0.0,0.8,0.0,3.7,3.0,0.0,2.0,3.0,0.0,0.0,0.0,0.0,0.35,0.0,0.0,0.0,3.35,3.0,4.5,3.0,3.0,0.0,0.0,0.35,0.0,4.15,-2.9000000000000004,-3.0,0.0,-0.35,0.0,-2.55,0.35,3.8000000000000003,44.795233509074,53.778135248923405,8.278135248923405,8.278135248923405,OVER,0.5966352184560106,0.5966352184560106,0.40336478154398936,-115.0,1.8695652173913042,0.5348837209302326,0.11544845189601971,PICK
2026_03_NYJ_DET,2026,REG,3,2026-09-27,Sunday,13:00,NYJ,,DET,,Home,,,,2026092702,60213.0,,202609270det,30641.0,401872954,7054.0,7,10,245.0,-305.0,6.5,100.0,-120.0,48.5,-108.0,-112.0,0,dome,fieldturf,,,00-0030565,00-0033106,Geno Smith,Jared Goff,Aaron Glenn,Dan Campbell,,DET00,Ford Field,2,0.5,0.375,0.5,22.75,27.125,31.0,27.5,30.125,35.5,-4.75,-3.0,-4.5,50.25,57.25,66.5,16.619695716657574,0.0,2,0.25,0.25,0.5,14.5,15.125,20.0,26.75,30.25,15.0,-12.25,-15.125,5.0,41.25,45.375,35.0,11.500776371308904,0.0,3,0.25,0.125,0.0,8.25,12.0,11.0,0.75,-0.125,20.5,7.5,12.125,-9.5,9.0,11.875,31.5,2.0,2.0,0.0,0.0,2.0,0.0,0.0,0.0,0.0,0.0,0.0,1.0,1.0,1.0,1.0,4.5,3.0,1.0,2.0,4.0,0.0,0.0,0.0,0.0,2.15,1.0,0.0,0.0,2.35,2.0,6.5,5.0,6.0,0.0,0.0,2.15,1.0,3.35,-2.5,-1.0,0.0,-2.15,1.0,-1.35,3.15,0.20000000000000018,54.60592097004523,53.33223466625922,4.832234666259218,4.832234666259218,OVER,0.5423684607278023,0.5423684607278023,0.4576315392721977,-112.0,1.8928571428571428,0.5283018867924528,0.026626014949054255,PICK
2026_03_SEA_WAS,2026,REG,3,2026-09-27,Sunday,13:00,SEA,,WAS,,Home,,,,2026092708,60219.0,,202609270was,30647.0,401872955,7060.0,7,7,-395.0,310.0,-8.5,-105.0,-115.0,40.5,-118.0,-102.0,0,outdoors,grass,,,00-0035704,00-0039910,Drew Lock,Jayden Daniels,Mike Macdonald,Dan Quinn,,WAS00,Northwest Stadium,2,0.25,0.25,0.0,22.25,20.25,21.0,27.0,27.0,30.5,-4.75,-6.75,-9.5,49.25,47.25,51.5,8.22452777628341,0.0,2,1.0,1.0,1.0,21.0,25.375,22.0,7.5,11.5,8.5,13.5,13.875,13.5,28.5,36.875,30.5,18.098441132555354,0.0,0,-0.75,-0.75,-1.0,1.25,-5.125,-1.0,19.5,15.5,22.0,-18.25,-20.625,-23.0,20.75,10.375,21.0,5.0,5.0,0.0,0.0,5.0,1.0,1.0,1.0,1.0,1.0,1.0,1.0,1.0,2.0,2.0,2.35,2.0,0.0,1.0,2.0,0.0,0.0,0.0,0.0,0.0,0.0,0.0,0.0,2.35,2.0,7.35,7.0,7.0,1.0,1.0,1.0,1.0,4.35,2.65,3.0,1.0,1.0,1.0,-0.3500000000000001,4.0,0.34999999999999964,49.58068828282788,47.2911700844438,6.791170084443799,6.791170084443799,OVER,0.5734271077724493,0.5734271077724493,0.4265728922275507,-102.0,1.9803921568627452,0.504950495049505,0.1356105467650468,PICK
2026_03_TEN_NYG,2026,REG,3,2026-09-27,Sunday,13:00,TEN,,NYG,,Home,,,,2026092706,60217.0,,202609270nyg,30645.0,401872956,7058.0,7,6,110.0,-130.0,2.5,-110.0,-110.0,37.5,-110.0,-110.0,0,outdoors,fieldturf,,,00-0040676,00-0031503,Cam Ward,Jameis Winston,Robert Saleh,John Harbaugh,,NYC01,MetLife Stadium,2,0.75,0.375,0.5,25.5,22.25,17.0,18.75,23.375,24.0,6.75,-1.125,-7.0,44.25,45.625,41.0,10.070288689293575,1.0,2,0.0,0.25,0.0,15.75,18.375,15.0,30.5,27.75,23.5,-14.75,-9.375,-8.5,46.25,46.125,38.5,13.303463566197456,0.0,-1,0.75,0.125,0.5,9.75,3.875,2.0,-11.75,-4.375,0.5,21.5,8.25,1.5,-2.0,-0.5,2.5,1.0499999999999998,0.0,0.0,3.0,1.0,0.0,0.0,0.0,0.0,0.0,0.0,0.0,0.0,1.0499999999999998,0.0,0.7,0.0,0.0,2.0,0.0,0.0,0.0,0.0,0.0,0.35,0.0,0.0,0.0,0.35,0.0,1.7499999999999998,0.0,1.0,0.0,0.0,0.35,0.0,1.4,0.34999999999999987,0.0,0.0,-0.35,0.0,0.6999999999999998,0.35,1.0499999999999998,40.33920565327424,39.04342173309669,1.543421733096693,1.543421733096693,OVER,0.4896012868522182,0.4896012868522182,0.5103987131477818,-110.0,1.9090909090909092,0.5238095238095238,-0.06530663419121974,NO PICK
2026_03_PHI_CHI,2026,REG,3,2026-09-28,Monday,20:15,PHI,,CHI,,Home,,,,2026092800,60225.0,,202609280chi,30653.0,401872963,7066.0,8,8,-198.0,164.0,-3.5,-110.0,-110.0,42.5,-115.0,-105.0,0,outdoors,grass,,,00-0036389,00-0038416,Jalen Hurts,Tyson Bagent,Nick Sirianni,Ben Johnson,,CHI98,Soldier Field,2,0.25,0.5,0.5,29.0,26.75,31.0,26.75,21.125,23.0,2.25,5.625,8.0,55.75,47.875,54.0,27.178970336851037,1.0,2,0.75,0.625,1.0,19.5,21.5,24.0,19.5,17.75,21.0,0.0,3.75,3.0,39.0,39.25,45.0,7.611082145698566,0.0,0,-0.5,-0.125,-0.5,9.5,5.25,7.0,7.25,3.375,2.0,2.25,1.875,5.0,16.75,8.625,9.0,3.35,3.0,0.0,1.0,1.0,1.35,1.0,0.35,0.0,0.0,0.0,0.0,0.0,2.0,2.0,3.35,3.0,0.0,1.0,3.0,0.0,0.0,0.0,0.0,2.0,2.0,1.0,1.0,0.35,0.0,6.7,6.0,4.0,1.35,0.35,2.0,1.0,2.35,0.0,0.0,0.35,-2.0,-1.0,1.65,3.7,-1.35,40.63914984315442,36.56795350033472,-5.932046499665283,5.932046499665283,UNDER,0.5598622293789298,0.4401377706210702,0.5598622293789298,-115.0,1.8695652173913042,0.5348837209302326,0.04669895057799911,PICK
