fecha,inicio_utc,local,visitante,season,ronda
2026-10-09,2026-10-10T01:00:00+00:00,Puebla FC,Club Leon,2026-27,"Apertura, fase regular"
2026-10-09,2026-10-10T03:00:00+00:00,UANL Tigres,Deportivo Toluca,2026-27,"Apertura, fase regular"
2026-10-10,2026-10-10T23:00:00+00:00,FC Juarez,Club Tijuana,2026-27,"Apertura, fase regular"
2026-10-10,2026-10-10T23:00:00+00:00,Gallos Blancos,Atlante,2026-27,"Apertura, fase regular"
2026-10-10,2026-10-11T01:00:00+00:00,Atlas Guadalajara,Deportivo Guadalajara,2026-27,"Apertura, fase regular"
2026-10-10,2026-10-11T03:10:00+00:00,CF America,CF Monterrey,2026-27,"Apertura, fase regular"
2026-10-11,2026-10-11T23:00:00+00:00,Atletico San Luis,Santos Laguna,2026-27,"Apertura, fase regular"
2026-10-11,2026-10-11T23:15:00+00:00,CF Pachuca,Club Necaxa,2026-27,"Apertura, fase regular"
2026-10-11,2026-10-12T01:10:00+00:00,Pumas UNAM,Cruz Azul,2026-27,"Apertura, fase regular"
2026-10-16,2026-10-17T01:00:00+00:00,Club Necaxa,Atlas Guadalajara,2026-27,"Apertura, fase regular"
2026-10-16,2026-10-17T03:00:00+00:00,Atlante,Pumas UNAM,2026-27,"Apertura, fase regular"
2026-10-16,2026-10-17T03:00:00+00:00,Club Tijuana,Puebla FC,2026-27,"Apertura, fase regular"
2026-10-17,2026-10-17T23:00:00+00:00,Santos Laguna,Gallos Blancos,2026-27,"Apertura, fase regular"
2026-10-17,2026-10-17T23:07:00+00:00,Deportivo Guadalajara,UANL Tigres,2026-27,"Apertura, fase regular"
2026-10-17,2026-10-18T01:00:00+00:00,Club Leon,CF America,2026-27,"Apertura, fase regular"
2026-10-17,2026-10-18T01:00:00+00:00,Deportivo Toluca,Atletico San Luis,2026-27,"Apertura, fase regular"
2026-10-17,2026-10-18T03:00:00+00:00,Cruz Azul,FC Juarez,2026-27,"Apertura, fase regular"
2026-10-18,2026-10-19T01:00:00+00:00,CF Monterrey,CF Pachuca,2026-27,"Apertura, fase regular"
2026-10-20,2026-10-21T00:07:00+00:00,Deportivo Guadalajara,Club Necaxa,2026-27,"Apertura, fase regular"
2026-10-20,2026-10-21T01:00:00+00:00,Atletico San Luis,Gallos Blancos,2026-27,"Apertura, fase regular"
2026-10-20,2026-10-21T01:00:00+00:00,FC Juarez,Atlante,2026-27,"Apertura, fase regular"
2026-10-20,2026-10-21T03:00:00+00:00,UANL Tigres,Club Leon,2026-27,"Apertura, fase regular"
2026-10-21,2026-10-22T01:00:00+00:00,Atlas Guadalajara,CF America,2026-27,"Apertura, fase regular"
2026-10-21,2026-10-22T01:00:00+00:00,Deportivo Toluca,Club Tijuana,2026-27,"Apertura, fase regular"
2026-10-21,2026-10-22T01:00:00+00:00,Puebla FC,CF Monterrey,2026-27,"Apertura, fase regular"
2026-10-21,2026-10-22T03:00:00+00:00,CF Pachuca,Cruz Azul,2026-27,"Apertura, fase regular"
2026-10-21,2026-10-22T03:00:00+00:00,Santos Laguna,Pumas UNAM,2026-27,"Apertura, fase regular"
2026-10-23,2026-10-24T01:00:00+00:00,Club Necaxa,FC Juarez,2026-27,"Apertura, fase regular"
2026-10-23,2026-10-24T03:00:00+00:00,Atlante,Atletico San Luis,2026-27,"Apertura, fase regular"
2026-10-24,2026-10-24T23:00:00+00:00,Club Leon,Deportivo Toluca,2026-27,"Apertura, fase regular"
2026-10-24,2026-10-25T00:00:00+00:00,CF Monterrey,Deportivo Guadalajara,2026-27,"Apertura, fase regular"
2026-10-24,2026-10-25T03:00:00+00:00,Pumas UNAM,UANL Tigres,2026-27,"Apertura, fase regular"
2026-10-25,2026-10-25T23:00:00+00:00,Atlas Guadalajara,Puebla FC,2026-27,"Apertura, fase regular"
2026-10-25,2026-10-25T23:00:00+00:00,CF America,CF Pachuca,2026-27,"Apertura, fase regular"
2026-10-25,2026-10-26T01:00:00+00:00,Gallos Blancos,Cruz Azul,2026-27,"Apertura, fase regular"
2026-10-25,2026-10-26T03:00:00+00:00,Club Tijuana,Santos Laguna,2026-27,"Apertura, fase regular"
2026-10-28,2026-10-29T03:00:00+00:00,CF America,Club Tijuana,2026-27,"Apertura, fase regular"
2026-10-30,2026-10-31T01:00:00+00:00,Atletico San Luis,Atlas Guadalajara,2026-27,"Apertura, fase regular"
2026-10-30,2026-10-31T01:00:00+00:00,FC Juarez,Gallos Blancos,2026-27,"Apertura, fase regular"
2026-10-30,2026-10-31T03:00:00+00:00,Puebla FC,Pumas UNAM,2026-27,"Apertura, fase regular"
2026-10-31,2026-10-31T23:00:00+00:00,CF Pachuca,UANL Tigres,2026-27,"Apertura, fase regular"
2026-10-31,2026-11-01T01:00:00+00:00,CF Monterrey,Club Tijuana,2026-27,"Apertura, fase regular"
2026-10-31,2026-11-01T01:07:00+00:00,Deportivo Guadalajara,Atlante,2026-27,"Apertura, fase regular"
2026-10-31,2026-11-01T03:00:00+00:00,CF America,Deportivo Toluca,2026-27,"Apertura, fase regular"
2026-11-01,2026-11-01T23:00:00+00:00,Santos Laguna,Club Necaxa,2026-27,"Apertura, fase regular"
2026-11-01,2026-11-02T01:00:00+00:00,Cruz Azul,Club Leon,2026-27,"Apertura, fase regular"
2026-11-06,2026-11-07T01:00:00+00:00,Atletico San Luis,FC Juarez,2026-27,"Apertura, fase regular"
2026-11-06,2026-11-07T01:00:00+00:00,Club Necaxa,Club Tijuana,2026-27,"Apertura, fase regular"
2026-11-06,2026-11-07T03:00:00+00:00,Atlante,Santos Laguna,2026-27,"Apertura, fase regular"
2026-11-07,2026-11-07T23:00:00+00:00,Atlas Guadalajara,CF Pachuca,2026-27,"Apertura, fase regular"
2026-11-07,2026-11-07T23:00:00+00:00,UANL Tigres,Cruz Azul,2026-27,"Apertura, fase regular"
2026-11-07,2026-11-08T01:00:00+00:00,Deportivo Toluca,CF Monterrey,2026-27,"Apertura, fase regular"
2026-11-07,2026-11-08T03:00:00+00:00,Pumas UNAM,CF America,2026-27,"Apertura, fase regular"
2026-11-08,2026-11-09T00:00:00+00:00,Gallos Blancos,Puebla FC,2026-27,"Apertura, fase regular"
2026-11-08,2026-11-09T02:00:00+00:00,Club Leon,Deportivo Guadalajara,2026-27,"Apertura, fase regular"
2026-11-14,2026-11-14T23:00:00+00:00,Gallos Blancos,CF Monterrey,2026-27,"Apertura, fase regular"
2026-11-20,2026-11-21T01:00:00+00:00,Puebla FC,Atletico San Luis,2026-27,"Apertura, fase regular"
2026-11-20,2026-11-21T03:00:00+00:00,Club Tijuana,Atlante,2026-27,"Apertura, fase regular"
2026-11-20,2026-11-21T03:00:00+00:00,FC Juarez,Atlas Guadalajara,2026-27,"Apertura, fase regular"
2026-11-21,2026-11-21T23:00:00+00:00,CF Pachuca,Deportivo Toluca,2026-27,"Apertura, fase regular"
2026-11-21,2026-11-21T23:00:00+00:00,Santos Laguna,Club Leon,2026-27,"Apertura, fase regular"
2026-11-21,2026-11-22T01:00:00+00:00,Pumas UNAM,CF Monterrey,2026-27,"Apertura, fase regular"
2026-11-21,2026-11-22T03:00:00+00:00,UANL Tigres,CF America,2026-27,"Apertura, fase regular"
2026-11-22,2026-11-22T23:00:00+00:00,Deportivo Guadalajara,Cruz Azul,2026-27,"Apertura, fase regular"
2026-11-22,2026-11-23T01:00:00+00:00,Gallos Blancos,Club Necaxa,2026-27,"Apertura, fase regular"
