season,fecha,local,visitante,total,over25,p_sin_calibrar,p_calibrada
2024-25,2024-07-05,FC Juárez,Atlas Guadalajara,4,1,0.45803999511178706,0.5628532680811634
2024-25,2024-07-05,Gallos Blancos,Club Tijuana,3,1,0.4693210672765197,0.575767245977723
2024-25,2024-07-05,Puebla FC,Santos Laguna,1,0,0.48408669895401446,0.5924612072964198
2024-25,2024-07-06,Atlético San Luis,CF América,3,1,0.5125715528363213,0.6239796432556446
2024-25,2024-07-06,Cruz Azul,Mazatlán FC,1,0,0.4545034396874371,0.5587767667953587
2024-25,2024-07-06,Deportivo Guadalajara,Deportivo Toluca,0,0,0.456527724746816,0.5611117373840927
2024-25,2024-07-06,UANL Tigres,Club Necaxa,1,0,0.5034874159888466,0.6140276749034114
2024-25,2024-07-07,CF Pachuca,CF Monterrey,1,0,0.4611444967044048,0.5664207689585857
2024-25,2024-07-07,Pumas UNAM,Club León,5,1,0.45923783129948936,0.564230966982957
2024-25,2024-07-12,Atlas Guadalajara,UANL Tigres,2,0,0.4307788487146528,0.5310915487890265
2024-25,2024-07-12,CF América,Gallos Blancos,4,1,0.41574181823804524,0.5132473749766194
2024-25,2024-07-12,Club Tijuana,Deportivo Guadalajara,6,1,0.4436862592881702,0.5462261767700163
2024-25,2024-07-12,Mazatlán FC,Atlético San Luis,4,1,0.40253700460994124,0.4973945667466145
2024-25,2024-07-13,CF Monterrey,Cruz Azul,4,1,0.4485498954049637,0.5518843779693342
2024-25,2024-07-13,Club León,CF Pachuca,0,0,0.4153492241234893,0.512778489908258
2024-25,2024-07-13,Club Necaxa,Puebla FC,5,1,0.43876817030700843,0.540479635853893
2024-25,2024-07-13,Deportivo Toluca,FC Juárez,5,1,0.432487926287239,0.5331053226981628
2024-25,2024-07-13,Santos Laguna,Pumas UNAM,2,0,0.426779952713605,0.5263681833031271
2024-25,2024-07-16,Atlas Guadalajara,Santos Laguna,1,0,0.38826654491914503,0.48007682976392724
2024-25,2024-07-16,CF Pachuca,Atlético San Luis,2,0,0.37714689812991864,0.46645384621855185
2024-25,2024-07-16,Cruz Azul,Club Tijuana,3,1,0.39559896031186037,0.4889986350380591
2024-25,2024-07-16,Gallos Blancos,Deportivo Guadalajara,2,0,0.4215701740137775,0.5201904915970526
2024-25,2024-07-16,Puebla FC,Club León,4,1,0.4074494723072446,0.5033117511594315
2024-25,2024-07-17,Club Necaxa,CF Monterrey,1,0,0.4318548276293088,0.5323597001380168
2024-25,2024-07-17,Deportivo Toluca,Mazatlán FC,3,1,0.4198279928610995,0.518118606072229
2024-25,2024-07-17,FC Juárez,Pumas UNAM,3,1,0.41942564426534,0.5176396866709086
2024-25,2024-07-17,UANL Tigres,CF América,1,0,0.4283287219304732,0.5281994521493276
2024-25,2024-07-19,Atlético San Luis,Club Tijuana,2,0,0.4205185578252396,0.5189402188847954
2024-25,2024-07-19,Puebla FC,Atlas Guadalajara,3,1,0.4205323515599686,0.5189566254336573
2024-25,2024-07-20,CF Monterrey,Gallos Blancos,3,1,0.39499572835673435,0.4882665185134592
2024-25,2024-07-20,Cruz Azul,Deportivo Toluca,2,0,0.3989141816611478,0.4930161199568839
2024-25,2024-07-20,Deportivo Guadalajara,Mazatlán FC,2,0,0.37778979772326216,0.4672444775485623
2024-25,2024-07-20,FC Juárez,CF América,3,1,0.40976745557312644,0.5060957905620613
2024-25,2024-07-20,Santos Laguna,UANL Tigres,3,1,0.4135187921354039,0.5105903696679879
2024-25,2024-07-21,Club León,Club Necaxa,2,0,0.38935761709837735,0.481407530462556
2024-25,2024-07-21,Pumas UNAM,CF Pachuca,2,0,0.4130462277183399,0.5100249296712781
2024-25,2024-08-16,Puebla FC,CF Monterrey,3,1,0.49516787912958815,0.6048311527048135
2024-25,2024-08-18,Atlético San Luis,Gallos Blancos,4,1,0.45651219576299806,0.5610938415849699
2024-25,2024-08-18,Club Tijuana,Santos Laguna,4,1,0.48115837184768606,0.5891695003038003
2024-25,2024-08-23,Club Tijuana,CF Monterrey,4,1,0.43858764795439775,0.5402682293686373
2024-25,2024-08-23,Gallos Blancos,Cruz Azul,2,0,0.5266148858545345,0.6391780494903151
2024-25,2024-08-23,Mazatlán FC,CF Pachuca,3,1,0.48136674695575865,0.5894040461392556
2024-25,2024-08-24,Atlas Guadalajara,Pumas UNAM,3,1,0.4808730455414064,0.5888482609107091
2024-25,2024-08-24,CF América,Puebla FC,1,0,0.4030730263674822,0.4980413347524667
2024-25,2024-08-24,Club León,Santos Laguna,2,0,0.3960256632010192,0.4895163015549588
2024-25,2024-08-24,Club Necaxa,FC Juárez,3,1,0.4762440117278154,0.583624063265846
2024-25,2024-08-24,UANL Tigres,Deportivo Guadalajara,2,0,0.4722173059721957,0.5790605308110444
2024-25,2024-08-25,Deportivo Toluca,Atlético San Luis,3,1,0.40362739524707825,0.4987099536638641
2024-25,2024-08-30,Atlético San Luis,Atlas Guadalajara,3,1,0.4285960042900093,0.5285152431750223
2024-25,2024-08-30,Club Tijuana,Club León,3,1,0.4221801245423009,0.5209151624027322
2024-25,2024-08-30,Mazatlán FC,Puebla FC,2,0,0.4057614307564461,0.5012810626902605
2024-25,2024-08-31,CF Monterrey,Deportivo Toluca,3,1,0.4299325326994763,0.5300932546198658
2024-25,2024-08-31,CF Pachuca,Gallos Blancos,2,0,0.38472131742020765,0.47574551323441994
2024-25,2024-08-31,Cruz Azul,CF América,5,1,0.39701914241054537,0.4907209113792281
2024-25,2024-08-31,Deportivo Guadalajara,FC Juárez,5,1,0.3905124021769669,0.4828147527434251
2024-25,2024-09-01,Pumas UNAM,UANL Tigres,4,1,0.43275303140621024,0.5334174253298881
2024-25,2024-09-01,Santos Laguna,Club Necaxa,5,1,0.4266983871955168,0.5262716731665421
2024-25,2024-09-13,Atlas Guadalajara,CF Pachuca,2,0,0.420365979277178,0.5187587262824519
2024-25,2024-09-13,Club Necaxa,Pumas UNAM,2,0,0.43356968776948135,0.5343784081267885
2024-25,2024-09-13,FC Juárez,Mazatlán FC,1,0,0.4634261699359311,0.5690361479459283
2024-25,2024-09-13,Puebla FC,Gallos Blancos,3,1,0.41478884014608597,0.5121089478556883
2024-25,2024-09-13,UANL Tigres,Atlético San Luis,1,0,0.4231923418827238,0.5221169423261237
2024-25,2024-09-14,CF América,Deportivo Guadalajara,1,0,0.4515821630718183,0.5553994870159754
2024-25,2024-09-14,Club León,Cruz Azul,3,1,0.45080835958957244,0.554503386292464
2024-25,2024-09-14,Deportivo Toluca,Club Tijuana,4,1,0.44202516598931396,0.5442880713984329
2024-25,2024-09-14,Santos Laguna,CF Monterrey,2,0,0.4581515685771411,0.5629816596345684
2024-25,2024-09-17,Atlético San Luis,Cruz Azul,4,1,0.4208513678304091,0.5193360172799232
2024-25,2024-09-17,CF América,Atlas Guadalajara,3,1,0.4206763442475271,0.5191278820127889
2024-25,2024-09-17,CF Pachuca,Deportivo Toluca,4,1,0.423871484099566,0.5229226984135679
2024-25,2024-09-17,Gallos Blancos,UANL Tigres,1,0,0.4425298060655226,0.5448771703811603
2024-25,2024-09-17,Pumas UNAM,Puebla FC,1,0,0.41658197247287865,0.5142502848986288
2024-25,2024-09-18,CF Monterrey,FC Juárez,5,1,0.40315431669300783,0.49813939648382527
2024-25,2024-09-18,Deportivo Guadalajara,Club León,2,0,0.38960709380391656,0.4817116463098408
2024-25,2024-09-18,Mazatlán FC,Club Necaxa,0,0,0.4145242201867796,0.5117926754375726
2024-25,2024-09-20,Atlas Guadalajara,Gallos Blancos,1,0,0.40429619193725463,0.49951619401373587
2024-25,2024-09-20,Puebla FC,CF Pachuca,5,1,0.38670752418746746,0.47817352695750076
2024-25,2024-09-21,CF Monterrey,Mazatlán FC,0,0,0.4170157118295137,0.5147677776601165
2024-25,2024-09-21,Club León,Atlético San Luis,1,0,0.4212448431240432,0.5198038209615843
2024-25,2024-09-21,Club Necaxa,CF América,2,0,0.4092813570225282,0.5055123854376372
2024-25,2024-09-21,Cruz Azul,Deportivo Guadalajara,1,0,0.42546333801218883,0.5248095197001003
2024-25,2024-09-22,FC Juárez,UANL Tigres,1,0,0.45257167116685315,0.5565444641938724
2024-25,2024-09-22,Pumas UNAM,Club Tijuana,1,0,0.4241959596544458,0.5233075041464776
2024-25,2024-09-22,Santos Laguna,Deportivo Toluca,2,0,0.4448323973755537,0.547561779491122
2024-25,2024-09-27,Club Tijuana,Mazatlán FC,1,0,0.4364031044174711,0.537707295012174
2024-25,2024-09-27,Gallos Blancos,Club Necaxa,0,0,0.4135477455185782,0.5106250063398047
2024-25,2024-09-27,Puebla FC,FC Juárez,5,1,0.400290254815582,0.49468066261615545
2024-25,2024-09-27,UANL Tigres,Club León,4,1,0.39670861045971484,0.4903444851863569
2024-25,2024-09-28,Atlético San Luis,Santos Laguna,4,1,0.4159928998780349,0.5135471689653411
2024-25,2024-09-28,CF Pachuca,Cruz Azul,6,1,0.4514006491869458,0.5551893420482247
2024-25,2024-09-28,Deportivo Guadalajara,CF Monterrey,2,0,0.41412546689229446,0.5113159583602345
2024-25,2024-09-28,Deportivo Toluca,Atlas Guadalajara,5,1,0.42845022267737076,0.5283430128077536
2024-25,2024-09-29,CF América,Pumas UNAM,1,0,0.4163443505590346,0.5139667007944995
2024-25,2024-10-04,Club Tijuana,CF Pachuca,3,1,0.41355094018810445,0.5106288280441748
2024-25,2024-10-04,Mazatlán FC,Gallos Blancos,4,1,0.40200855240141387,0.49675666563515114
2024-25,2024-10-05,Atlético San Luis,CF Monterrey,1,0,0.4219540140156346,0.5206465678389456
2024-25,2024-10-05,Club León,CF América,2,0,0.42405974720789785,0.5231459783373468
2024-25,2024-10-05,Cruz Azul,Club Necaxa,3,1,0.4386419654899969,0.5403318431865131
2024-25,2024-10-05,Deportivo Guadalajara,Atlas Guadalajara,5,1,0.3978480604478831,0.49172528296910656
2024-25,2024-10-05,Deportivo Toluca,Pumas UNAM,2,0,0.4345228540204129,0.5354991666411059
2024-25,2024-10-05,UANL Tigres,Puebla FC,1,0,0.4046961714609342,0.49999816940220665
2024-25,2024-10-06,Santos Laguna,FC Juárez,2,0,0.4298235498831783,0.5299646484295382
2024-25,2024-10-18,Atlas Guadalajara,Mazatlán FC,0,0,0.45129092754894107,0.5550622966384823
2024-25,2024-10-18,Club Necaxa,Club Tijuana,3,1,0.4270242774983981,0.5266572338364346
2024-25,2024-10-18,Gallos Blancos,Deportivo Toluca,1,0,0.42680325304599576,0.5263957515480555
2024-25,2024-10-18,Puebla FC,Cruz Azul,3,1,0.4627784684054467,0.5682942848964181
2024-25,2024-10-19,CF América,Santos Laguna,3,1,0.41613473042606053,0.5137164887467969
2024-25,2024-10-19,CF Monterrey,UANL Tigres,6,1,0.43880422344580705,0.5405218530190472
2024-25,2024-10-19,CF Pachuca,Deportivo Guadalajara,2,0,0.46480585551383,0.5706149053247186
2024-25,2024-10-19,FC Juárez,Club León,5,1,0.43681121965850433,0.5381860994119758
2024-25,2024-10-20,Pumas UNAM,Atlético San Luis,3,1,0.4272986924158876,0.5269818112337378
2024-25,2024-10-22,Deportivo Guadalajara,Club Necaxa,5,1,0.40026245034164476,0.49464704706040646
2024-25,2024-10-22,Deportivo Toluca,Puebla FC,5,1,0.3957443523819233,0.4891750405134294
2024-25,2024-10-22,Mazatlán FC,UANL Tigres,2,0,0.3860740523858802,0.47739953438880767
2024-25,2024-10-22,Santos Laguna,CF Pachuca,2,0,0.40743358890073633,0.5032926563911984
2024-25,2024-10-23,CF Monterrey,Pumas UNAM,0,0,0.43241126923901585,0.5330150626647309
2024-25,2024-10-23,Club León,Atlas Guadalajara,0,0,0.41098724883738935,0.507558755235298
2024-25,2024-10-23,Club Tijuana,CF América,4,1,0.4192888220176335,0.5174767893800168
2024-25,2024-10-23,Cruz Azul,FC Juárez,4,1,0.416556287202292,0.514219634107272
2024-25,2024-10-25,Puebla FC,Deportivo Guadalajara,1,0,0.44677187159479836,0.5498187451946196
2024-25,2024-10-25,Santos Laguna,Mazatlán FC,0,0,0.42262125532129047,0.5214390311440894
2024-25,2024-10-26,Atlas Guadalajara,Club Tijuana,0,0,0.4210135188864582,0.519528817643248
2024-25,2024-10-26,Club León,Gallos Blancos,4,1,0.4297568678841993,0.5298859537929815
2024-25,2024-10-26,Pumas UNAM,Cruz Azul,2,0,0.409730564570823,0.5060515227642104
2024-25,2024-10-26,UANL Tigres,CF Pachuca,3,1,0.4125122354359322,0.5093857274865838
2024-25,2024-10-27,CF América,CF Monterrey,3,1,0.4149280739235067,0.5122753318736404
2024-25,2024-10-27,Club Necaxa,Deportivo Toluca,4,1,0.4389062943678411,0.5406413678098979
2024-25,2024-10-27,FC Juárez,Atlético San Luis,6,1,0.4504363503104516,0.5540723577235627
2024-25,2024-11-01,Club Tijuana,UANL Tigres,3,1,0.40788950237001287,0.5038406516861387
2024-25,2024-11-01,Gallos Blancos,FC Juárez,3,1,0.40499588296863864,0.5003592218794959
2024-25,2024-11-01,Mazatlán FC,CF América,5,1,0.4021552277978866,0.49693374581239746
2024-25,2024-11-02,Atlético San Luis,Puebla FC,2,0,0.41429748014360646,0.5115216224835831
2024-25,2024-11-02,CF Monterrey,Atlas Guadalajara,4,1,0.4158993037918599,0.513435421525138
2024-25,2024-11-02,CF Pachuca,Club Necaxa,8,1,0.41805649380145393,0.5160087762913812
2024-25,2024-11-02,Cruz Azul,Santos Laguna,2,0,0.4101900098837641,0.5066027458837505
2024-25,2024-11-02,Deportivo Guadalajara,Pumas UNAM,0,0,0.4315298006672613,0.531976746347043
2024-25,2024-11-02,Deportivo Toluca,Club León,4,1,0.425428390501693,0.5247681236993683
2024-25,2024-11-05,Club León,Mazatlán FC,0,0,0.41284718301146783,0.5097867005821161
2024-25,2024-11-05,Pumas UNAM,Gallos Blancos,2,0,0.3814016542757255,0.4716795132066066
2024-25,2024-11-05,Santos Laguna,Deportivo Guadalajara,2,0,0.4086876702253429,0.5047995461004311
2024-25,2024-11-06,Atlas Guadalajara,Cruz Azul,4,1,0.42889816964965033,0.5288721613148235
2024-25,2024-11-06,CF América,CF Pachuca,3,1,0.408390014895744,0.5044420237704802
2024-25,2024-11-06,Club Necaxa,Atlético San Luis,2,0,0.4762705069780758,0.5836540320355302
2024-25,2024-11-06,FC Juárez,Club Tijuana,2,0,0.44832795133121883,0.5516267135504902
2024-25,2024-11-06,UANL Tigres,Deportivo Toluca,3,1,0.4315974820903863,0.532056498899807
2024-25,2024-11-08,Gallos Blancos,Santos Laguna,5,1,0.41443723617830164,0.511688697656775
2024-25,2024-11-08,Mazatlán FC,Pumas UNAM,1,0,0.403270240937027,0.49827922677496556
2024-25,2024-11-09,CF Pachuca,FC Juárez,1,0,0.41656703943454765,0.5142324650583989
2024-25,2024-11-09,Cruz Azul,UANL Tigres,2,0,0.40966085876001745,0.5059678748589371
2024-25,2024-11-09,Deportivo Guadalajara,Atlético San Luis,1,0,0.40366103995954883,0.4987505228260205
2024-25,2024-11-09,Deportivo Toluca,CF América,4,1,0.43276260710943626,0.533428697264808
2024-25,2024-11-10,CF Monterrey,Club León,3,1,0.4243092739835196,0.5234418623926924
2024-25,2024-11-10,Club Necaxa,Atlas Guadalajara,0,0,0.45152098067494295,0.5553286578962164
2024-25,2024-11-10,Club Tijuana,Puebla FC,3,1,0.41402884213729485,0.5112004182828204
2024-25,2025-01-10,Club Tijuana,Deportivo Toluca,6,1,0.49777110567360494,0.6077171920003084
2024-25,2025-01-10,Gallos Blancos,CF América,1,0,0.5119220568559778,0.6232712289612163
2024-25,2025-01-10,Mazatlán FC,FC Juárez,2,0,0.4735947185147431,0.5806235686273629
2024-25,2025-01-11,Atlético San Luis,UANL Tigres,4,1,0.49668135226820287,0.6065099769440127
2024-25,2025-01-11,Cruz Azul,Atlas Guadalajara,2,0,0.47466778945974974,0.5818398153695814
2024-25,2025-01-11,Deportivo Guadalajara,Santos Laguna,1,0,0.4598191188103802,0.5648989865703921
2024-25,2025-01-12,CF Monterrey,Puebla FC,2,0,0.475777427886539,0.583096184373406
2024-25,2025-01-12,Pumas UNAM,Club Necaxa,3,1,0.43940052436967414,0.5412199097125927
2024-25,2025-01-16,CF América,Club Tijuana,2,0,0.4167804671168641,0.514487131026008
2024-25,2025-01-17,Club Necaxa,Deportivo Guadalajara,5,1,0.4483342598665886,0.5516340381133206
2024-25,2025-01-17,Puebla FC,Atlético San Luis,3,1,0.43596472236338457,0.5371927912235023
2024-25,2025-01-17,UANL Tigres,Mazatlán FC,3,1,0.4106164106863607,0.5071141410442402
2024-25,2025-01-18,Atlas Guadalajara,Club León,3,1,0.4859872270118165,0.5945924924047575
2024-25,2025-01-18,Deportivo Toluca,CF Monterrey,2,0,0.4423814335601908,0.5447039929551571
2024-25,2025-01-18,FC Juárez,Cruz Azul,1,0,0.4319784533274993,0.5325053304579833
2024-25,2025-01-19,Gallos Blancos,Pumas UNAM,5,1,0.4482694743422476,0.5515588165067866
2024-25,2025-01-20,CF Pachuca,Santos Laguna,3,1,0.42332077509234667,0.5222693548645627
2024-25,2025-01-24,Atlético San Luis,Club Necaxa,3,1,0.4061589756654529,0.5017595488291753
2024-25,2025-01-24,Club Tijuana,Gallos Blancos,3,1,0.42635976448256907,0.5258709358066833
2024-25,2025-01-24,Mazatlán FC,Deportivo Toluca,3,1,0.42346513305257294,0.5224406457823327
2024-25,2025-01-25,CF Monterrey,CF Pachuca,5,1,0.4101400527357286,0.50654281928594
2024-25,2025-01-25,Club León,FC Juárez,1,0,0.43214158855452245,0.5326974790104386
2024-25,2025-01-25,Cruz Azul,Puebla FC,2,0,0.4094241970203323,0.505683842615259
2024-25,2025-01-25,Deportivo Guadalajara,UANL Tigres,2,0,0.4248550366736251,0.5240888004535196
2024-25,2025-01-25,Santos Laguna,CF América,5,1,0.44449293621017416,0.5471663454569915
2024-25,2025-01-26,Pumas UNAM,Atlas Guadalajara,0,0,0.39928916504128353,0.4934698884501866
2024-25,2025-01-28,CF América,Atlético San Luis,3,1,0.41395027849408195,0.5111064682572104
2024-25,2025-01-28,Club León,Deportivo Guadalajara,3,1,0.4018585384330855,0.4965755337610357
2024-25,2025-01-28,Club Necaxa,Cruz Azul,4,1,0.3988035159171538,0.49288217778573096
2024-25,2025-01-28,Puebla FC,Mazatlán FC,1,0,0.411325028791656,0.5079636185928855
2024-25,2025-01-28,UANL Tigres,Club Tijuana,4,1,0.40920289950674005,0.505418201032825
2024-25,2025-01-29,Atlas Guadalajara,CF Monterrey,6,1,0.40367576809000005,0.4987682818281265
2024-25,2025-01-29,FC Juárez,Santos Laguna,1,0,0.37054823331102404,0.4583180219062843
2024-25,2025-01-29,Gallos Blancos,CF Pachuca,1,0,0.42709112127406734,0.526736303489317
2024-25,2025-01-29,Pumas UNAM,Deportivo Toluca,2,0,0.4034212618521531,0.49846137227535003
2024-25,2025-01-31,Club Tijuana,Cruz Azul,5,1,0.42940793567680724,0.5294740888243448
2024-25,2025-01-31,Mazatlán FC,Club León,3,1,0.4079639870024424,0.5039301611627427
2024-25,2025-02-01,CF América,FC Juárez,4,1,0.4206668937470551,0.5191166427637179
2024-25,2025-02-01,CF Monterrey,Club Necaxa,1,0,0.4266399086664595,0.526202475957215
2024-25,2025-02-01,CF Pachuca,Atlas Guadalajara,0,0,0.39953208058561485,0.49376377076246475
2024-25,2025-02-01,Deportivo Guadalajara,Gallos Blancos,2,0,0.4032392705842234,0.49824187092517724
2024-25,2025-02-01,Deportivo Toluca,UANL Tigres,1,0,0.4290917869891162,0.5291008139626222
2024-25,2025-02-02,Atlético San Luis,Pumas UNAM,5,1,0.4266708248554947,0.5262390592820241
2024-25,2025-02-02,Santos Laguna,Puebla FC,2,0,0.42129412888239837,0.5198624060899938
2024-25,2025-02-05,CF Pachuca,Club León,3,1,0.41289399641872804,0.5098427332479184
2024-25,2025-02-07,Club Necaxa,Santos Laguna,5,1,0.4046089997963592,0.4998931405231289
2024-25,2025-02-07,Gallos Blancos,Atlético San Luis,1,0,0.3974205952814165,0.49120741827577635
2024-25,2025-02-07,Puebla FC,CF América,3,1,0.4245805265460596,0.5237634379069739
2024-25,2025-02-08,Club León,Deportivo Toluca,6,1,0.41315649210318117,0.510156884349612
2024-25,2025-02-08,Cruz Azul,CF Pachuca,3,1,0.4156437761464846,0.5131302949703503
2024-25,2025-02-08,FC Juárez,CF Monterrey,3,1,0.40443731440172126,0.4996862640058375
2024-25,2025-02-08,UANL Tigres,Atlas Guadalajara,3,1,0.4082497612054804,0.5042735314976361
2024-25,2025-02-09,Deportivo Guadalajara,Club Tijuana,3,1,0.4118572481438634,0.5086013127434834
2024-25,2025-02-09,Pumas UNAM,Mazatlán FC,1,0,0.4295604680877948,0.5296541468300447
2024-25,2025-02-14,CF América,Club Necaxa,5,1,0.4208149186532233,0.5192926750000156
2024-25,2025-02-14,Club Tijuana,FC Juárez,3,1,0.441225605752918,0.5433541530976803
2024-25,2025-02-14,Mazatlán FC,Santos Laguna,2,0,0.3930727142266538,0.485930387215723
2024-25,2025-02-15,Atlas Guadalajara,Puebla FC,5,1,0.41444496437774325,0.5116979359875945
2024-25,2025-02-15,Deportivo Toluca,Deportivo Guadalajara,3,1,0.4121005421538043,0.5088927310215327
2024-25,2025-02-15,UANL Tigres,Cruz Azul,3,1,0.41765133587029357,0.5155258042624198
2024-25,2025-02-16,Atlético San Luis,Club León,3,1,0.44950682996807345,0.5529947328823949
2024-25,2025-02-16,CF Pachuca,Pumas UNAM,3,1,0.4164253918452909,0.5140634237762713
2024-25,2025-02-16,Gallos Blancos,CF Monterrey,6,1,0.40946893621486835,0.5057375410047054
2024-25,2025-02-18,Atlas Guadalajara,Club Necaxa,4,1,0.4134759185642962,0.5105390789001296
2024-25,2025-02-19,CF América,Club León,2,0,0.4251601358218361,0.5244503301336906
2024-25,2025-02-19,Santos Laguna,Cruz Azul,1,0,0.4272564129510955,0.5269318081033016
2024-25,2025-02-21,Club Necaxa,Mazatlán FC,4,1,0.43143270492972563,0.5318623252573083
2024-25,2025-02-21,Puebla FC,Club Tijuana,2,0,0.40091212647309926,0.49543231384330794
2024-25,2025-02-22,CF Monterrey,Atlético San Luis,4,1,0.41610295371160666,0.5136785548653579
2024-25,2025-02-22,Club León,UANL Tigres,1,0,0.4326800333156048,0.5333314933562531
2024-25,2025-02-22,Deportivo Guadalajara,CF Pachuca,3,1,0.4147641078068587,0.5120793907896667
2024-25,2025-02-22,FC Juárez,Deportivo Toluca,4,1,0.4136458233670942,0.5107423299163047
2024-25,2025-02-22,Pumas UNAM,CF América,2,0,0.4028968160647013,0.4978287481060848
2024-25,2025-02-23,Cruz Azul,Gallos Blancos,1,0,0.4087915258465169,0.5049242699831558
2024-25,2025-02-23,Santos Laguna,Atlas Guadalajara,2,0,0.39918739763073596,0.4933467524630284
2024-25,2025-02-25,Club Tijuana,Pumas UNAM,6,1,0.42824081925277613,0.5280955804160474
2024-25,2025-02-25,Mazatlán FC,CF Monterrey,1,0,0.4055662472191779,0.5010460839515206
2024-25,2025-02-25,UANL Tigres,FC Juárez,1,0,0.39544199809626446,0.4888081693361632
2024-25,2025-02-26,Atlético San Luis,Deportivo Guadalajara,4,1,0.4270756652351533,0.5267180209051605
2024-25,2025-02-26,CF Pachuca,Puebla FC,3,1,0.4075181218520768,0.5033942777196727
2024-25,2025-02-26,Deportivo Toluca,Gallos Blancos,5,1,0.39866311667925247,0.49271223171081524
2024-25,2025-02-28,Mazatlán FC,Cruz Azul,2,0,0.4210834395291958,0.5196119464312903
2024-25,2025-03-01,CF América,Deportivo Toluca,3,1,0.42295700556335836,0.5218376245085252
2024-25,2025-03-01,Club León,Club Tijuana,3,1,0.3963258132396157,0.489880335395385
2024-25,2025-03-01,Club Necaxa,UANL Tigres,3,1,0.4176771381432146,0.5155565669036228
2024-25,2025-03-01,FC Juárez,CF Pachuca,4,1,0.4126805563799558,0.509587241821679
2024-25,2025-03-01,Pumas UNAM,Deportivo Guadalajara,1,0,0.42055379867760745,0.5189821346975786
2024-25,2025-03-02,Atlas Guadalajara,Atlético San Luis,4,1,0.406189719720082,0.5017965461600283
2024-25,2025-03-02,CF Monterrey,Santos Laguna,6,1,0.41223049055057803,0.5090483600427467
2024-25,2025-03-02,Gallos Blancos,Puebla FC,2,0,0.42069737753076786,0.5191528960644325
2024-25,2025-03-07,Atlético San Luis,FC Juárez,1,0,0.4354681770589036,0.5366097869748624
2024-25,2025-03-07,Puebla FC,Pumas UNAM,4,1,0.41473287476388065,0.5120420640236031
2024-25,2025-03-07,UANL Tigres,Gallos Blancos,1,0,0.39729013911053035,0.4910493394537311
2024-25,2025-03-08,CF Pachuca,Mazatlán FC,2,0,0.42649831647888525,0.5260349167516359
2024-25,2025-03-08,Cruz Azul,CF Monterrey,2,0,0.4037242073395283,0.49882668783668616
2024-25,2025-03-08,Deportivo Guadalajara,CF América,0,0,0.4280428444426798,0.5278616115175211
2024-25,2025-03-08,Deportivo Toluca,Club Necaxa,7,1,0.44613026063688643,0.549072537065873
2024-25,2025-03-09,Club Tijuana,Atlas Guadalajara,7,1,0.42888841784753373,0.5288606439108957
2024-25,2025-03-09,Santos Laguna,Club León,3,1,0.44358048695437746,0.5461028506933591
2024-25,2025-03-14,Club Necaxa,Club León,3,1,0.4490450696589209,0.5524590608944747
2024-25,2025-03-14,Gallos Blancos,Mazatlán FC,1,0,0.42782862017626966,0.5276083943610113
2024-25,2025-03-14,Puebla FC,Deportivo Toluca,3,1,0.4411688255744868,0.5432878064255663
2024-25,2025-03-15,Atlas Guadalajara,CF América,4,1,0.4531771160900966,0.5572445254862824
2024-25,2025-03-15,Cruz Azul,Atlético San Luis,3,1,0.39928351776295545,0.49346305564153514
2024-25,2025-03-15,FC Juárez,Deportivo Guadalajara,2,0,0.4195946246731651,0.5178408451661731
2024-25,2025-03-15,UANL Tigres,Santos Laguna,3,1,0.39740037261123684,0.4911829147205926
2024-25,2025-03-16,CF Pachuca,Club Tijuana,5,1,0.4072755894219158,0.503102698849996
2024-25,2025-03-16,Pumas UNAM,CF Monterrey,4,1,0.4414008446004165,0.5435588956820024
2024-25,2025-03-28,Club Necaxa,Gallos Blancos,2,0,0.45592443690680373,0.5604163123895561
2024-25,2025-03-28,Mazatlán FC,Atlas Guadalajara,5,1,0.4158262207054386,0.5133481592595666
2024-25,2025-03-29,CF América,UANL Tigres,3,1,0.4280421775462474,0.5278608233049613
2024-25,2025-03-29,CF Monterrey,Club Tijuana,3,1,0.4230103502047535,0.5219009434509807
2024-25,2025-03-29,Deportivo Guadalajara,Cruz Azul,1,0,0.43890128004915707,0.5406354967972163
2024-25,2025-03-29,Deportivo Toluca,CF Pachuca,5,1,0.45015810471618756,0.5537498732916397
2024-25,2025-03-29,FC Juárez,Puebla FC,2,0,0.4277763176658541,0.5275465647820524
2024-25,2025-03-30,Club León,Pumas UNAM,3,1,0.4191892533435623,0.5173582336762369
2024-25,2025-03-30,Santos Laguna,Atlético San Luis,5,1,0.44372575385914237,0.5462722227922888
2024-25,2025-04-04,Club Tijuana,Club Necaxa,3,1,0.4574894721228181,0.5622195675398678
2024-25,2025-04-04,Gallos Blancos,Club León,2,0,0.4062481686211059,0.5018668809506379
2024-25,2025-04-04,Puebla FC,UANL Tigres,0,0,0.4357166079879361,0.5369015064685877
2024-25,2025-04-05,Atlas Guadalajara,FC Juárez,2,0,0.4536094029601786,0.5577441312810546
2024-25,2025-04-05,Atlético San Luis,Mazatlán FC,3,1,0.43621016369699295,0.5374808758410804
2024-25,2025-04-05,CF Monterrey,Deportivo Guadalajara,4,1,0.4207820378692704,0.519253574821817
2024-25,2025-04-05,CF Pachuca,CF América,1,0,0.45156260207537435,0.5553768422360786
2024-25,2025-04-05,Cruz Azul,Pumas UNAM,5,1,0.3869161784541162,0.4784283866846015
2024-25,2025-04-06,Deportivo Toluca,Santos Laguna,3,1,0.43129734921320095,0.5317028012838008
2024-25,2025-04-10,Club Tijuana,Atlético San Luis,3,1,0.44669795402425416,0.5497327992947872
2024-25,2025-04-11,Club Necaxa,CF Pachuca,8,1,0.43162556203817315,0.5320895856034876
2024-25,2025-04-11,Mazatlán FC,Deportivo Guadalajara,2,0,0.41321205527119353,0.5102233729569892
2024-25,2025-04-12,Atlas Guadalajara,Deportivo Toluca,5,1,0.45171757076053365,0.5555562306149862
2024-25,2025-04-12,CF América,Cruz Azul,0,0,0.4107117374201804,0.5072284451750235
2024-25,2025-04-12,Club León,Puebla FC,1,0,0.4073694472614956,0.5032155439113345
2024-25,2025-04-12,Pumas UNAM,FC Juárez,0,0,0.42912273565543935,0.5291373593231388
2024-25,2025-04-12,UANL Tigres,CF Monterrey,3,1,0.4071873717511939,0.5029966272442516
2024-25,2025-04-13,Santos Laguna,Gallos Blancos,3,1,0.4560448015756602,0.5605550906304146
2024-25,2025-04-15,CF Pachuca,UANL Tigres,0,0,0.43343788661274973,0.5342233599012739
2024-25,2025-04-15,Cruz Azul,Club León,3,1,0.3839810250109301,0.4748396420772354
2024-25,2025-04-15,Deportivo Guadalajara,Puebla FC,1,0,0.3802791643548822,0.47030243492358725
2024-25,2025-04-15,FC Juárez,Club Necaxa,4,1,0.3849205927687923,0.47598927558857634
2024-25,2025-04-16,Atlético San Luis,Deportivo Toluca,1,0,0.43107440775299366,0.5314400123160581
2024-25,2025-04-16,CF Monterrey,CF América,1,0,0.4225524831463173,0.5213573728806618
2024-25,2025-04-16,Gallos Blancos,Atlas Guadalajara,3,1,0.38250300657963954,0.47302956853936406
2024-25,2025-04-16,Mazatlán FC,Club Tijuana,2,0,0.4068969820171675,0.5026474142512903
2024-25,2025-04-16,Pumas UNAM,Santos Laguna,2,0,0.4013569660638753,0.4959697639841729
2024-25,2025-04-18,Puebla FC,Club Necaxa,1,0,0.398433918632184,0.49243475950895005
2024-25,2025-04-19,Atlas Guadalajara,Deportivo Guadalajara,2,0,0.42834710788377306,0.5282211772473439
2024-25,2025-04-19,CF América,Mazatlán FC,5,1,0.3807516029406869,0.47088216236553526
2024-25,2025-04-19,Deportivo Toluca,Cruz Azul,4,1,0.4271847128738667,0.5268470056578786
2024-25,2025-04-19,UANL Tigres,Pumas UNAM,3,1,0.38957909006809044,0.4816775121691472
2024-25,2025-04-20,Atlético San Luis,CF Pachuca,3,1,0.4275779415066976,0.527312028750879
2024-25,2025-04-20,Club León,CF Monterrey,2,0,0.4130980839631041,0.5100869881198828
2024-25,2025-04-20,FC Juárez,Gallos Blancos,2,0,0.39685154409790124,0.4905177602274488
2024-25,2025-04-20,Santos Laguna,Club Tijuana,4,1,0.43252109223633817,0.533144372176823
